{
  "fields": "[{\"name\":\"mysql.error_message\",\"type\":\"string\",\"count\":0,\"scripted\":false,\"indexed\":true,\"analyzed\":false,\"doc_values\":true},{\"name\":\"type\",\"type\":\"string\",\"count\":0,\"scripted\":false,\"indexed\":true,\"analyzed\":false,\"doc_values\":true},{\"name\":\"path\",\"type\":\"string\",\"count\":0,\"scripted\":false,\"indexed\":true,\"analyzed\":false,\"doc_values\":true},{\"name\":\"client_ip\",\"type\":\"string\",\"count\":0,\"scripted\":false,\"indexed\":true,\"analyzed\":false,\"doc_values\":true},{\"name\":\"dest.ip_location\",\"type\":\"geo_point\",\"count\":0,\"scripted\":false,\"indexed\":true,\"analyzed\":false,\"doc_values\":true},{\"name\":\"dest.ipv6_location\",\"type\":\"geo_point\",\"count\":0,\"scripted\":false,\"indexed\":true,\"analyzed\":false,\"doc_values\":true},{\"name\":\"mysql.num_fields\",\"type\":\"number\",\"count\":0,\"scripted\":false,\"indexed\":true,\"analyzed\":false,\"doc_values\":true},{\"name\":\"method\",\"type\":\"string\",\"count\":0,\"scripted\":false,\"indexed\":true,\"analyzed\":false,\"doc_values\":true},{\"name\":\"query\",\"type\":\"string\",\"count\":0,\"scripted\":false,\"indexed\":true,\"analyzed\":false,\"doc_values\":true},{\"name\":\"ip\",\"type\":\"string\",\"count\":0,\"scripted\":false,\"indexed\":true,\"analyzed\":false,\"doc_values\":true},{\"name\":\"params\",\"type\":\"string\",\"count\":0,\"scripted\":false,\"indexed\":true,\"analyzed\":false,\"doc_values\":false},{\"name\":\"beat.name\",\"type\":\"string\",\"count\":0,\"scripted\":false,\"indexed\":true,\"analyzed\":false,\"doc_values\":true},{\"name\":\"start_time\",\"type\":\"date\",\"count\":0,\"scripted\":false,\"indexed\":true,\"analyzed\":false,\"doc_values\":true},{\"name\":\"source.ipv6_location\",\"type\":\"geo_point\",\"count\":0,\"scripted\":false,\"indexed\":true,\"analyzed\":false,\"doc_values\":true},{\"name\":\"port\",\"type\":\"number\",\"count\":0,\"scripted\":false,\"indexed\":true,\"analyzed\":false,\"doc_values\":true},{\"name\":\"dest.outer_ipv6_location\",\"type\":\"geo_point\",\"count\":0,\"scripted\":false,\"indexed\":true,\"analyzed\":false,\"doc_values\":true},{\"name\":\"_source\",\"type\":\"_source\",\"count\":0,\"scripted\":false,\"indexed\":false,\"analyzed\":false,\"doc_values\":false},{\"name\":\"status\",\"type\":\"string\",\"count\":0,\"scripted\":false,\"indexed\":true,\"analyzed\":false,\"doc_values\":true},{\"name\":\"mysql.error_code\",\"type\":\"number\",\"count\":0,\"scripted\":false,\"indexed\":true,\"analyzed\":false,\"doc_values\":true},{\"name\":\"server\",\"type\":\"string\",\"count\":0,\"scripted\":false,\"indexed\":true,\"analyzed\":false,\"doc_values\":true},{\"name\":\"request\",\"type\":\"string\",\"count\":0,\"scripted\":false,\"indexed\":true,\"analyzed\":false,\"doc_values\":false},{\"name\":\"_index\",\"type\":\"string\",\"count\":0,\"scripted\":false,\"indexed\":false,\"analyzed\":false,\"doc_values\":false},{\"name\":\"client_port\",\"type\":\"number\",\"count\":0,\"scripted\":false,\"indexed\":true,\"analyzed\":false,\"doc_values\":true},{\"name\":\"client_location\",\"type\":\"geo_point\",\"count\":0,\"scripted\":false,\"indexed\":true,\"analyzed\":false,\"doc_values\":true},{\"name\":\"last_time\",\"type\":\"date\",\"count\":0,\"scripted\":false,\"indexed\":true,\"analyzed\":false,\"doc_values\":true},{\"name\":\"responsetime\",\"type\":\"number\",\"count\":0,\"scripted\":false,\"indexed\":true,\"analyzed\":false,\"doc_values\":true},{\"name\":\"source.outer_ipv6_location\",\"type\":\"geo_point\",\"count\":0,\"scripted\":false,\"indexed\":true,\"analyzed\":false,\"doc_values\":true},{\"name\":\"mysql.insert_id\",\"type\":\"number\",\"count\":0,\"scripted\":false,\"indexed\":true,\"analyzed\":false,\"doc_values\":true},{\"name\":\"proc\",\"type\":\"string\",\"count\":0,\"scripted\":false,\"indexed\":true,\"analyzed\":false,\"doc_values\":true},{\"name\":\"dest.outer_ip_location\",\"type\":\"geo_point\",\"count\":0,\"scripted\":false,\"indexed\":true,\"analyzed\":false,\"doc_values\":true},{\"name\":\"source.outer_ip_location\",\"type\":\"geo_point\",\"count\":0,\"scripted\":false,\"indexed\":true,\"analyzed\":false,\"doc_values\":true},{\"name\":\"client_proc\",\"type\":\"string\",\"count\":0,\"scripted\":false,\"indexed\":true,\"analyzed\":false,\"doc_values\":true},{\"name\":\"source.ip_location\",\"type\":\"geo_point\",\"count\":0,\"scripted\":false,\"indexed\":true,\"analyzed\":false,\"doc_values\":true},{\"name\":\"beat.hostname\",\"type\":\"string\",\"count\":0,\"scripted\":false,\"indexed\":true,\"analyzed\":false,\"doc_values\":true},{\"name\":\"client_server\",\"type\":\"string\",\"count\":0,\"scripted\":false,\"indexed\":true,\"analyzed\":false,\"doc_values\":true},{\"name\":\"mysql.num_rows\",\"type\":\"number\",\"count\":0,\"scripted\":false,\"indexed\":true,\"analyzed\":false,\"doc_values\":true},{\"name\":\"@timestamp\",\"type\":\"date\",\"count\":0,\"scripted\":false,\"indexed\":true,\"analyzed\":false,\"doc_values\":true},{\"name\":\"mysql.affected_rows\",\"type\":\"number\",\"count\":0,\"scripted\":false,\"indexed\":true,\"analyzed\":false,\"doc_values\":true},{\"name\":\"response\",\"type\":\"string\",\"count\":0,\"scripted\":false,\"indexed\":true,\"analyzed\":false,\"doc_values\":false},{\"name\":\"mysql.iserror\",\"type\":\"boolean\",\"count\":0,\"scripted\":false,\"indexed\":true,\"analyzed\":false,\"doc_values\":true},{\"name\":\"flow_id\",\"type\":\"string\",\"count\":0,\"scripted\":false,\"indexed\":true,\"analyzed\":false,\"doc_values\":true},{\"name\":\"source.ip\",\"type\":\"string\",\"count\":0,\"scripted\":false,\"indexed\":true,\"analyzed\":false,\"doc_values\":true},{\"name\":\"dest.port\",\"type\":\"number\",\"count\":0,\"scripted\":false,\"indexed\":true,\"analyzed\":false,\"doc_values\":true},{\"name\":\"dest.ip\",\"type\":\"string\",\"count\":0,\"scripted\":false,\"indexed\":true,\"analyzed\":false,\"doc_values\":true},{\"name\":\"transport\",\"type\":\"string\",\"count\":0,\"scripted\":false,\"indexed\":true,\"analyzed\":false,\"doc_values\":true},{\"name\":\"source.port\",\"type\":\"number\",\"count\":0,\"scripted\":false,\"indexed\":true,\"analyzed\":false,\"doc_values\":true},{\"name\":\"connection_id\",\"type\":\"string\",\"count\":0,\"scripted\":false,\"indexed\":true,\"analyzed\":false,\"doc_values\":true},{\"name\":\"final\",\"type\":\"boolean\",\"count\":0,\"scripted\":false,\"indexed\":true,\"analyzed\":false,\"doc_values\":true},{\"name\":\"source.stats.net_packets_total\",\"type\":\"number\",\"count\":0,\"scripted\":false,\"indexed\":true,\"analyzed\":false,\"doc_values\":true},{\"name\":\"dest.stats.net_packets_total\",\"type\":\"number\",\"count\":0,\"scripted\":false,\"indexed\":true,\"analyzed\":false,\"doc_values\":true},{\"name\":\"_id\",\"type\":\"string\",\"count\":0,\"scripted\":false,\"indexed\":false,\"analyzed\":false,\"doc_values\":false},{\"name\":\"_type\",\"type\":\"string\",\"count\":0,\"scripted\":false,\"indexed\":false,\"analyzed\":false,\"doc_values\":false},{\"name\":\"_score\",\"type\":\"number\",\"count\":0,\"scripted\":false,\"indexed\":false,\"analyzed\":false,\"doc_values\":false},{\"name\":\"dest.stats.net_bytes_total\",\"type\":\"number\",\"count\":0,\"scripted\":false,\"indexed\":true,\"analyzed\":false,\"doc_values\":true},{\"name\":\"bytes_out\",\"type\":\"number\",\"count\":0,\"scripted\":false,\"indexed\":true,\"analyzed\":false,\"doc_values\":true},{\"name\":\"bytes_in\",\"type\":\"number\",\"count\":0,\"scripted\":false,\"indexed\":true,\"analyzed\":false,\"doc_values\":true},{\"name\":\"source.stats.net_bytes_total\",\"type\":\"number\",\"count\":0,\"scripted\":false,\"indexed\":true,\"analyzed\":false,\"doc_values\":true}]", 
  "fieldFormatMap": "{\"rpc.reply_size\":{\"id\":\"bytes\"},\"rpc.call_size\":{\"id\":\"bytes\"},\"rpc.time\":{\"id\":\"number\",\"params\":{\"pattern\":\"\\\"0,0\\\"\"}},\"dest.stats.net_bytes_total\":{\"id\":\"bytes\"},\"bytes_out\":{\"id\":\"bytes\"},\"bytes_in\":{\"id\":\"bytes\"},\"source.stats.net_bytes_total\":{\"id\":\"bytes\"}}", 
  "timeFieldName": "@timestamp", 
  "title": "packetbeat-*"
}